category_id,question_id
10,6
29,6
32,6
38,6
11,8
31,8
36,8
5,36
27,36
34,36
37,36
5,35
26,35
34,35
37,35
5,34
18,34
34,34
37,34
5,33
12,33
33,33
37,33
5,32
16,32
34,32
37,32
5,31
26,31
35,31
37,31
5,30
26,30
34,30
37,30
5,29
30,29
34,29
37,29
5,28
28,28
35,28
37,28
31,45
1,68
11,68
31,68
36,68
10,27
22,27
35,27
37,27
6,88
19,88
35,88
6,89
19,89
32,89
37,89
6,90
19,90
32,90
37,90
7,85
20,85
32,85
38,85
7,86
20,86
32,86
38,86
7,87
20,87
32,87
37,87
7,81
16,81
33,81
37,81
7,82
16,82
34,82
37,82
7,83
16,83
34,83
37,83
2,80
28,80
33,80
37,80
3,79
30,79
35,79
37,79
2,78
14,78
34,78
37,78
10,77
29,77
32,77
37,77
2,76
28,76
34,76
37,76
5,75
22,75
34,75
37,75
5,74
23,74
33,74
38,74
5,73
25,73
35,73
37,73
8,99
12,99
33,99
37,99
8,100
12,100
34,100
37,100
5,97
13,97
33,97
37,97
5,98
13,98
34,98
37,98
5,122
14,122
32,122
37,122
5,123
14,123
33,123
37,123
5,124
14,124
35,124
37,124
5,125
14,125
34,125
37,125
6,118
14,118
33,118
37,118
6,119
14,119
33,119
37,119
6,120
14,120
32,120
37,120
6,121
14,121
34,121
37,121
8,114
14,114
32,114
37,114
8,115
14,115
33,115
37,115
8,116
14,116
34,116
37,116
8,117
14,117
35,117
37,117
3,111
13,111
33,111
37,111
3,112
13,112
32,112
37,112
3,113
13,113
33,113
37,113
8,107
14,107
32,107
38,107
8,108
14,108
33,108
37,108
8,109
14,109
34,109
37,109
8,110
14,110
33,110
37,110
3,104
13,104
33,104
37,104
3,105
13,105
34,105
37,105
3,106
13,106
34,106
37,106
2,101
23,101
34,101
37,101
2,102
23,102
33,102
37,102
2,103
23,103
33,103
37,103
5,94
13,94
33,94
37,94
5,95
13,95
34,95
37,95
5,96
13,96
34,96
37,96
5,91
21,91
34,91
37,91
5,92
21,92
34,92
37,92
5,93
13,93
35,93
37,93
8,67
25,67
34,67
37,67
23,66
34,66
37,66
3,65
25,65
34,65
37,65
5,64
23,64
34,64
37,64
10,63
14,63
33,63
38,63
8,62
14,62
32,62
37,62
13,61
34,61
37,61
8,60
14,60
34,60
37,60
7,59
30,59
32,59
37,59
7,58
30,58
32,58
38,58
5,57
13,57
32,57
37,57
5,56
32,56
5,55
13,55
32,55
37,55
5,54
13,54
33,54
37,54
9,53
19,53
37,53
33,52
37,52
9,51
12,51
33,51
37,51
2,49
12,49
33,49
37,49
12,48
33,48
37,48
9,47
27,47
34,47
37,47
5,46
35,46
37,46
5,45
18,45
37,45
5,44
24,44
35,44
37,44
5,43
26,43
35,43
37,43
5,42
24,42
34,42
37,42
5,41
28,41
35,41
37,41
5,40
22,40
34,40
37,40
5,39
17,39
35,39
37,39
5,38
30,38
33,38
37,38
25,20
34,20
4,21
23,21
34,21
37,21
4,22
25,22
33,22
37,22
4,23
27,23
37,23
4,20
4,24
21,24
33,24
37,24
4,25
24,25
33,25
37,25
5,26
18,26
34,26
37,26
10,7
29,7
32,7
37,7
10,8
4,126
25,126
34,126
37,126
4,127
25,127
33,127
37,127
4,128
25,128
34,128
37,128
10,9
29,9
32,9
37,9
10,11
29,11
32,11
37,11
2,10
25,10
34,10
38,10
7,12
25,12
34,12
38,12
4,132
30,132
33,132
37,132
4,133
30,133
33,133
37,133
4,134
30,134
33,134
37,134
6,13
30,13
33,13
38,13
3,14
25,14
33,14
38,14
4,135
25,135
33,135
37,135
4,136
26,136
33,136
37,136
4,137
11,137
31,137
36,137
1,138
11,138
31,138
36,138
1,139
11,139
31,139
36,139
1,140
11,140
31,140
36,140
1,141
11,141
31,141
36,141
9,15
29,15
34,15
38,15
4,16
24,16
33,16
38,16
1,142
11,142
31,142
36,142
1,143
11,143
31,143
36,143
4,17
23,17
34,17
38,17
4,18
30,18
34,18
38,18
4,144
11,144
31,144
36,144
11,145
31,145
36,145
4,19
29,19
32,19
37,19
4,145
1,146
11,146
31,146
36,146
1,147
11,147
31,147
36,147
1,148
11,148
31,148
36,148
38,20
1,149
11,149
31,149
36,149
1,150
11,150
31,150
36,150
1,153
11,153
31,153
36,153
1,154
11,154
31,154
36,154
1,155
11,155
31,155
36,155
33,23
1,156
11,156
31,156
36,156
1,157
11,157
31,157
36,157
1,158
11,158
31,158
36,158
1,159
11,159
31,159
36,159
1,160
11,160
31,160
36,160
1,161
11,161
31,161
36,161
1,162
11,162
31,162
36,162
1,163
11,163
31,163
36,163
1,164
11,164
31,164
36,164
1,165
11,165
31,165
36,165
1,166
11,166
31,166
36,166
1,167
11,167
31,167
36,167
1,168
11,168
31,168
36,168
1,169
11,169
31,169
36,169
1,170
11,170
31,170
36,170
1,171
11,171
31,171
36,171
1,172
11,172
31,172
36,172
1,173
11,173
31,173
36,173
5,37
19,37
34,37
37,37
1,174
11,174
31,174
36,174
1,175
11,175
31,175
36,175
1,176
11,176
31,176
36,176
1,177
11,177
31,177
36,177
1,178
11,178
31,178
36,178
1,179
11,179
31,179
36,179
1,180
11,180
31,180
36,180
1,181
11,181
31,181
36,181
1,182
11,182
31,182
36,182
1,183
11,183
31,183
36,183
1,184
11,184
31,184
36,184
1,185
11,185
31,185
36,185
1,186
11,186
31,186
36,186
1,187
11,187
31,187
36,187
1,188
11,188
31,188
36,188
1,189
11,189
31,189
36,189
1,190
11,190
31,190
36,190
1,191
11,191
31,191
36,191
1,192
11,192
31,192
36,192
1,193
11,193
31,193
36,193
16,46
8,48
8,50
14,50
33,50
37,50
7,52
28,52
32,53
13,56
38,56
5,61
7,66
3,69
23,69
34,69
37,69
8,70
23,70
35,70
38,70
8,71
23,71
34,71
37,71
8,72
23,72
32,72
37,72
37,88
4,194
23,194
33,194
38,194
4,195
23,195
33,195
38,195
4,196
23,196
33,196
38,196
8,197
12,197
34,197
37,197
8,198
12,198
34,198
37,198
8,199
14,199
33,199
37,199
8,200
14,200
34,200
37,200
5,201
12,201
33,201
37,201
5,202
12,202
32,202
37,202
8,204
14,204
34,204
37,204
5,205
12,205
32,205
37,205
8,206
12,206
33,206
37,206
8,207
12,207
34,207
37,207
5,208
12,208
32,208
37,208
5,209
12,209
34,209
37,209
30,210
34,210
38,210
7,211
14,211
32,211
37,211
7,212
14,212
32,212
37,212
7,213
13,213
32,213
37,213
7,214
13,214
34,214
37,214
8,215
14,215
33,215
38,215
8,216
14,216
33,216
38,216
5,218
26,218
34,218
37,218
3,219
14,219
34,219
37,219
5,222
20,222
34,222
37,222
5,223
29,223
32,223
38,223
2,224
23,224
34,224
37,224
10,225
24,225
32,225
38,225
10,226
29,226
32,226
38,226
8,227
12,227
35,227
37,227
5,228
30,228
34,228
37,228
2,229
26,229
35,229
37,229
7,230
30,230
34,230
37,230
5,231
26,231
34,231
37,231
5,232
24,232
34,232
37,232
5,233
26,233
34,233
37,233
4,234
24,234
33,234
37,234
5,235
26,235
34,235
37,235
5,236
21,236
34,236
37,236
5,237
20,237
34,237
37,237
5,239
24,239
32,239
38,239
10,240
29,240
32,240
37,240
10,241
29,241
32,241
38,241
10,242
29,242
32,242
38,242
12,243
34,243
37,243
3,244
26,244
34,244
37,244
3,245
26,245
33,245
37,245
3,246
26,246
34,246
37,246
5,247
22,247
34,247
37,247
5,248
22,248
33,248
37,248
5,249
22,249
34,249
38,249
5,250
22,250
35,250
38,250
10,251
26,251
31,251
38,251
5,252
26,252
34,252
37,252
5,253
26,253
35,253
37,253
5,254
26,254
34,254
37,254
10,256
27,256
31,256
37,256
10,257
27,257
32,257
38,257
10,258
27,258
32,258
38,258
5,259
27,259
32,259
37,259
4,263
26,263
33,263
37,263
4,264
29,264
32,264
37,264
4,265
26,265
34,265
37,265
12,266
33,266
37,266
8,267
14,267
34,267
37,267
6,268
28,268
33,268
37,268
6,269
28,269
31,269
37,269
6,270
28,270
31,270
37,270
3,271
28,271
34,271
37,271
8,272
14,272
33,272
37,272
10,273
23,273
35,273
37,273
7,274
30,274
33,274
37,274
7,275
30,275
32,275
37,275
7,276
21,276
33,276
37,276
7,277
21,277
32,277
37,277
2,278
13,278
33,278
37,278
2,279
13,279
33,279
37,279
2,280
13,280
33,280
37,280
2,281
13,281
34,281
37,281
6,282
25,282
33,282
37,282
6,283
25,283
32,283
37,283
6,284
25,284
31,284
36,284
9,285
30,285
33,285
37,285
9,286
30,286
32,286
37,286
9,287
30,287
34,287
37,287
4,288
25,288
33,288
37,288
4,289
25,289
33,289
37,289
4,290
25,290
33,290
37,290
5,291
21,291
34,291
37,291
5,292
21,292
35,292
37,292
5,293
14,293
33,293
37,293
5,294
14,294
34,294
37,294
6,295
23,295
33,295
38,295
6,296
23,296
34,296
37,296
10,297
29,297
32,297
37,297
5,298
30,298
34,298
37,298
5,299
30,299
35,299
37,299
5,300
21,300
34,300
37,300
3,301
21,301
32,301
38,301
3,302
21,302
33,302
37,302
3,303
21,303
34,303
37,303
10,310
29,310
32,310
38,310
5,313
18,313
33,313
37,313
5,314
18,314
33,314
37,314
5,315
18,315
32,315
37,315
5,316
18,316
34,316
37,316
5,317
21,317
33,317
37,317
5,318
21,318
34,318
37,318
5,319
21,319
31,319
37,319
3,320
21,320
33,320
37,320
3,321
21,321
33,321
38,321
3,322
21,322
34,322
37,322
3,323
21,323
35,323
38,323
2,324
21,324
33,324
37,324
2,325
21,325
33,325
38,325
2,326
21,326
34,326
37,326
2,327
21,327
34,327
37,327
2,328
21,328
33,328
37,328
2,329
21,329
34,329
37,329
2,330
21,330
34,330
37,330
4,331
20,331
33,331
37,331
4,332
20,332
33,332
37,332
4,333
20,333
33,333
37,333
4,334
20,334
34,334
37,334
4,335
17,335
33,335
37,335
4,336
17,336
33,336
37,336
4,337
17,337
34,337
37,337
4,338
17,338
34,338
37,338
4,343
30,343
33,343
37,343
4,344
30,344
33,344
37,344
4,345
30,345
34,345
37,345
4,346
29,346
33,346
37,346
4,347
29,347
33,347
37,347
4,348
29,348
33,348
37,348
4,349
29,349
33,349
37,349
4,350
27,350
33,350
37,350
4,351
27,351
33,351
37,351
4,352
27,352
33,352
37,352
4,353
27,353
34,353
37,353
2,354
13,354
31,354
36,354
1,355
11,355
31,355
36,355
1,356
11,356
31,356
36,356
8,357
14,357
33,357
37,357
8,358
14,358
33,358
37,358
8,359
14,359
32,359
38,359
5,360
21,360
34,360
37,360
5,361
21,361
32,361
38,361
5,362
21,362
32,362
38,362
1,363
11,363
31,363
36,363
1,364
11,364
31,364
36,364
1,365
11,365
31,365
36,365
5,366
25,366
33,366
38,366
5,367
25,367
32,367
38,367
5,368
25,368
32,368
37,368
4,217
24,217
33,217
37,217
4,260
29,260
33,260
38,260
4,261
29,261
32,261
37,261
4,262
23,262
34,262
37,262
5,369
18,369
33,369
37,369
5,370
18,370
34,370
37,370
5,371
18,371
35,371
37,371
5,372
18,372
32,372
38,372
5,373
17,373
34,373
37,373
5,374
17,374
35,374
37,374
5,375
17,375
34,375
37,375
3,376
25,376
33,376
37,376
3,377
25,377
32,377
37,377
3,378
25,378
34,378
37,378
3,379
26,379
32,379
37,379
3,380
26,380
33,380
37,380
3,381
26,381
34,381
37,381
5,390
18,390
33,390
37,390
5,391
18,391
33,391
37,391
5,392
18,392
34,392
37,392
5,393
24,393
34,393
37,393
5,394
24,394
34,394
37,394
5,395
20,395
33,395
37,395
5,396
20,396
34,396
37,396
9,397
30,397
32,397
37,397
9,398
30,398
33,398
38,398
9,399
30,399
34,399
37,399
2,400
23,400
33,400
37,400
2,401
23,401
32,401
37,401
2,402
23,402
33,402
37,402
2,403
25,403
33,403
37,403
2,404
25,404
33,404
37,404
2,405
25,405
34,405
37,405
5,406
20,406
34,406
37,406
5,407
20,407
34,407
37,407
6,408
30,408
33,408
37,408
6,409
30,409
32,409
37,409
6,410
30,410
32,410
38,410
6,411
30,411
34,411
37,411
6,412
30,412
34,412
37,412
9,243
9,266
6,210
5,413
18,413
33,413
37,413
5,414
18,414
34,414
37,414
5,415
18,415
35,415
37,415
5,416
18,416
35,416
37,416
5,423
25,423
31,423
36,423
1,424
11,424
31,424
36,424
1,425
11,425
31,425
36,425
1,426
11,426
31,426
36,426
7,427
28,427
33,427
37,427
7,428
28,428
32,428
37,428
7,429
28,429
33,429
37,429
7,430
28,430
35,430
37,430
5,431
23,431
33,431
37,431
5,432
23,432
33,432
37,432
5,433
23,433
35,433
37,433
5,434
23,434
34,434
37,434
5,435
21,435
32,435
38,435
5,436
21,436
32,436
38,436
5,437
21,437
32,437
37,437
5,438
21,438
34,438
37,438
5,439
21,439
33,439
37,439
5,440
21,440
34,440
37,440
5,441
21,441
34,441
37,441
5,442
21,442
33,442
38,442
5,443
21,443
32,443
37,443
5,444
21,444
32,444
38,444
5,445
21,445
32,445
38,445
4,446
23,446
33,446
38,446
4,447
23,447
33,447
38,447
4,448
23,448
32,448
38,448
1,449
11,449
31,449
36,449
1,450
11,450
31,450
36,450
1,451
11,451
31,451
36,451
1,452
11,452
31,452
36,452
1,453
11,453
31,453
36,453
8,454
16,454
33,454
37,454
8,455
16,455
34,455
37,455
7,456
20,456
32,456
38,456
7,457
20,457
32,457
38,457
7,458
20,458
32,458
37,458
8,459
15,459
34,459
37,459
2,460
19,460
33,460
37,460
2,461
19,461
32,461
37,461
2,462
19,462
32,462
37,462
5,463
21,463
34,463
37,463
5,464
21,464
34,464
37,464
5,465
18,465
33,465
37,465
5,466
18,466
34,466
37,466
5,467
18,467
34,467
37,467
5,468
18,468
35,468
37,468
2,469
28,469
32,469
38,469
2,470
28,470
34,470
38,470
1,471
11,471
31,471
36,471
1,472
11,472
31,472
36,472
1,473
11,473
31,473
36,473
1,474
11,474
31,474
36,474
1,475
11,475
31,475
36,475
1,476
11,476
31,476
36,476
1,477
11,477
31,477
36,477
1,478
11,478
31,478
36,478
1,479
11,479
31,479
36,479
1,480
11,480
31,480
36,480
1,506
11,506
31,506
36,506
7,507
14,507
34,507
37,507
7,508
14,508
33,508
37,508
7,509
14,509
32,509
38,509
7,510
14,510
34,510
37,510
8,511
14,511
32,511
38,511
8,512
14,512
33,512
37,512
8,513
14,513
32,513
38,513
8,514
14,514
32,514
37,514
7,515
15,515
32,515
37,515
7,516
15,516
33,516
37,516
7,517
15,517
33,517
38,517
7,518
15,518
34,518
37,518
5,501
25,501
33,501
37,501
5,502
25,502
34,502
37,502
5,503
25,503
34,503
37,503
5,504
25,504
34,504
37,504
5,505
25,505
35,505
37,505
3,496
25,496
33,496
37,496
3,497
25,497
34,497
37,497
3,498
25,498
34,498
37,498
3,499
25,499
34,499
37,499
3,500
25,500
34,500
37,500
5,492
23,492
33,492
37,492
5,493
23,493
34,493
37,493
5,494
23,494
34,494
37,494
5,495
25,495
35,495
37,495
8,488
25,488
33,488
37,488
8,489
25,489
34,489
37,489
8,490
25,490
34,490
37,490
8,491
25,491
35,491
37,491
7,484
23,484
33,484
37,484
7,485
23,485
34,485
37,485
7,486
23,486
34,486
37,486
7,487
23,487
35,487
37,487
3,481
13,481
33,481
37,481
3,482
13,482
32,482
37,482
3,483
13,483
33,483
37,483
1,519
11,519
31,519
36,519
10,520
29,520
32,520
38,520
10,521
29,521
31,521
37,521
10,522
29,522
31,522
38,522
5,523
30,523
34,523
37,523
5,524
20,524
31,524
37,524
10,525
29,525
32,525
38,525
10,526
29,526
31,526
38,526
10,527
23,527
35,527
37,527
10,528
25,528
32,528
38,528
10,529
25,529
32,529
37,529
10,530
29,530
32,530
37,530
10,531
29,531
31,531
38,531
10,533
24,533
33,533
37,533
10,534
29,534
32,534
38,534
10,535
29,535
32,535
38,535
10,536
29,536
31,536
38,536
10,537
27,537
34,537
37,537
10,538
29,538
31,538
38,538
10,539
24,539
31,539
37,539
10,540
29,540
31,540
37,540
10,541
29,541
31,541
38,541
8,542
21,542
34,542
37,542
10,543
29,543
31,543
38,543
10,544
29,544
31,544
38,544
10,545
29,545
31,545
37,545
10,546
29,546
32,546
37,546
6,547
18,547
34,547
37,547
10,548
29,548
32,548
38,548
10,550
29,550
32,550
38,550
10,551
23,551
31,551
38,551
10,552
29,552
35,552
37,552
7,553
21,553
33,553
37,553
10,554
29,554
32,554
38,554
10,555
29,555
35,555
37,555
10,556
23,556
35,556
37,556
10,557
29,557
32,557
38,557
7,558
21,558
34,558
37,558
10,559
28,559
31,559
37,559
7,560
25,560
32,560
37,560
10,561
24,561
32,561
37,561
10,562
30,562
34,562
37,562
10,563
30,563
34,563
37,563
10,564
25,564
34,564
37,564
10,565
30,565
35,565
37,565
10,566
25,566
32,566
38,566
10,567
29,567
32,567
38,567
10,568
25,568
34,568
37,568
10,569
29,569
31,569
38,569
10,570
22,570
31,570
37,570
30,571
34,571
38,571
6,572
13,572
32,572
37,572
6,571
6,573
30,573
33,573
37,573
10,574
17,574
34,574
38,574
10,575
29,575
32,575
38,575
10,576
29,576
32,576
37,576
10,577
29,577
32,577
37,577
6,578
30,578
34,578
38,578
5,579
23,579
35,579
37,579
6,580
29,580
32,580
38,580
5,581
17,581
34,581
37,581
6,582
28,582
33,582
37,582
6,583
29,583
32,583
38,583
10,584
29,584
31,584
37,584
10,585
28,585
31,585
38,585
10,586
17,586
34,586
37,586
10,587
29,587
32,587
38,587
10,588
29,588
31,588
38,588
10,589
29,589
32,589
38,589
10,590
30,590
33,590
38,590
10,591
30,591
32,591
38,591
10,592
29,592
32,592
38,592
10,593
29,593
32,593
37,593
10,594
29,594
31,594
38,594
4,595
29,595
32,595
38,595
10,596
29,596
31,596
37,596
10,597
26,597
34,597
37,597
10,598
25,598
32,598
37,598
10,599
30,599
32,599
37,599
10,600
29,600
32,600
38,600
10,601
25,601
34,601
38,601
10,602
29,602
32,602
37,602
10,603
29,603
31,603
38,603
6,604
29,604
32,604
37,604
10,605
29,605
31,605
38,605
10,606
29,606
32,606
37,606
6,607
30,607
33,607
37,607
10,608
29,608
32,608
38,608
10,609
29,609
32,609
37,609
10,610
23,610
35,610
37,610
10,611
29,611
32,611
37,611
10,612
29,612
32,612
37,612
5,613
27,613
34,613
37,613
10,614
23,614
32,614
37,614
10,615
26,615
34,615
37,615
10,616
29,616
32,616
37,616
10,617
29,617
35,617
38,617
10,618
22,618
33,618
37,618
10,619
23,619
31,619
38,619
5,620
17,620
34,620
37,620
10,621
17,621
32,621
38,621
5,622
17,622
34,622
37,622
1,623
11,623
31,623
36,623
5,624
18,624
34,624
37,624
5,625
27,625
33,625
37,625
1,626
11,626
31,626
36,626
1,627
11,627
31,627
36,627
5,628
22,628
34,628
37,628
5,629
24,629
34,629
37,629
5,630
24,630
34,630
37,630
5,631
30,631
33,631
37,631
5,632
13,632
33,632
37,632
5,633
13,633
34,633
37,633
5,634
13,634
35,634
37,634
8,635
16,635
33,635
37,635
8,636
16,636
32,636
38,636
8,637
16,637
33,637
38,637
5,638
20,638
33,638
37,638
5,639
20,639
34,639
38,639
8,640
25,640
32,640
37,640
8,641
25,641
34,641
37,641
4,642
23,642
33,642
37,642
4,643
23,643
34,643
37,643
5,644
18,644
33,644
37,644
5,645
18,645
34,645
37,645
8,646
12,646
34,646
37,646
8,647
12,647
35,647
37,647
8,648
12,648
35,648
37,648
8,649
12,649
34,649
37,649
7,650
21,650
34,650
37,650
5,651
24,651
33,651
37,651
5,652
24,652
32,652
37,652
5,653
24,653
35,653
37,653
5,654
24,654
34,654
37,654
5,655
26,655
33,655
37,655
5,656
26,656
32,656
38,656
5,657
26,657
34,657
37,657
5,658
26,658
34,658
37,658
3,659
13,659
32,659
37,659
3,660
13,660
33,660
37,660
3,661
13,661
32,661
37,661
3,662
13,662
34,662
37,662
3,663
14,663
33,663
37,663
3,664
14,664
32,664
37,664
3,665
14,665
32,665
37,665
3,666
14,666
34,666
37,666
8,667
12,667
33,667
37,667
8,668
12,668
32,668
38,668
8,669
12,669
34,669
37,669
8,670
12,670
34,670
37,670
8,671
25,671
34,671
37,671
8,672
25,672
32,672
37,672
8,673
25,673
32,673
37,673
8,674
25,674
33,674
38,674
7,675
25,675
33,675
37,675
7,676
25,676
35,676
37,676
7,677
25,677
34,677
37,677
4,678
25,678
33,678
37,678
4,679
25,679
33,679
37,679
4,680
25,680
32,680
37,680
5,681
33,681
37,681
5,682
37,682
5,683
37,683
21,681
21,682
32,682
21,683
35,683
5,685
18,685
33,685
37,685
5,686
18,686
34,686
37,686
5,687
18,687
35,687
37,687
5,688
21,688
31,688
38,688
5,689
21,689
34,689
38,689
5,690
21,690
33,690
37,690
5,691
21,691
33,691
37,691
5,692
21,692
35,692
37,692
5,697
20,697
33,697
37,697
5,698
20,698
33,698
37,698
5,699
20,699
32,699
37,699
5,700
20,700
34,700
37,700
1,701
11,701
31,701
36,701
1,702
11,702
31,702
36,702
1,703
11,703
31,703
36,703
5,704
19,704
32,704
37,704
5,705
19,705
33,705
37,705
5,706
19,706
32,706
38,706
5,707
19,707
34,707
37,707
7,708
25,708
35,708
37,708
7,709
25,709
33,709
37,709
7,710
23,710
33,710
37,710
7,711
23,711
34,711
37,711
5,712
25,712
33,712
37,712
5,713
25,713
34,713
37,713
5,714
25,714
35,714
37,714
5,715
25,715
34,715
37,715
7,716
25,716
34,716
37,716
7,717
25,717
35,717
37,717
7,718
25,718
35,718
37,718
4,719
19,719
33,719
37,719
4,720
19,720
33,720
37,720
4,721
19,721
33,721
37,721
4,722
17,722
33,722
37,722
4,723
17,723
33,723
37,723
4,724
17,724
33,724
37,724
4,725
17,725
34,725
37,725
4,726
27,726
33,726
37,726
4,727
27,727
33,727
37,727
4,728
27,728
33,728
37,728
4,729
27,729
34,729
37,729
4,730
23,730
33,730
37,730
4,731
24,731
32,731
37,731
4,732
24,732
33,732
37,732
4,733
24,733
34,733
37,733
4,734
33,734
37,734
4,735
33,735
37,735
5,736
18,736
33,736
37,736
5,737
18,737
35,737
37,737
5,738
18,738
34,738
37,738
5,739
18,739
34,739
37,739
6,740
23,740
33,740
37,740
6,741
23,741
33,741
37,741
5,742
23,742
34,742
37,742
6,743
23,743
35,743
37,743
6,744
26,744
33,744
37,744
6,745
26,745
33,745
37,745
6,746
26,746
33,746
37,746
6,747
26,747
34,747
37,747
6,748
23,748
33,748
37,748
6,749
23,749
32,749
37,749
6,750
23,750
34,750
37,750
3,751
24,751
33,751
37,751
3,752
24,752
33,752
37,752
3,753
24,753
34,753
37,753
1,754
14,754
33,754
37,754
5,755
14,755
33,755
37,755
5,756
14,756
32,756
37,756
5,757
14,757
34,757
37,757
5,758
12,758
32,758
37,758
5,759
12,759
35,759
37,759
5,760
12,760
34,760
37,760
5,761
12,761
35,761
37,761
10,762
29,762
32,762
37,762
10,763
29,763
32,763
37,763
10,764
29,764
32,764
38,764
10,765
12,765
32,765
38,765
3,766
12,766
33,766
37,766
3,767
12,767
33,767
37,767
3,768
12,768
32,768
37,768
3,769
12,769
34,769
37,769
8,770
14,770
33,770
37,770
8,771
14,771
32,771
37,771
8,772
14,772
33,772
37,772
5,773
17,773
33,773
37,773
5,774
17,774
32,774
37,774
5,775
17,775
32,775
37,775
5,776
17,776
34,776
37,776
4,777
16,777
34,777
37,777
1,778
11,778
31,778
36,778
2,779
28,779
32,779
37,779
6,780
23,780
34,780
37,780
7,782
25,782
33,782
37,782
3,783
23,783
33,783
37,783
3,784
23,784
34,784
37,784
3,785
23,785
32,785
37,785
6,789
23,789
33,789
37,789
6,791
23,791
33,791
37,791
6,792
23,792
34,792
37,792
6,793
23,793
32,793
37,793
6,794
23,794
35,794
37,794
2,795
23,795
34,795
37,795
2,796
23,796
35,796
37,796
2,797
23,797
35,797
37,797
5,798
23,798
33,798
37,798
5,799
23,799
35,799
37,799
5,800
18,800
33,800
37,800
5,801
18,801
34,801
37,801
5,802
18,802
32,802
37,802
4,803
29,803
31,803
37,803
5,804
14,804
34,804
37,804
5,805
25,805
34,805
37,805
4,806
17,806
34,806
37,806
8,807
16,807
32,807
38,807
10,808
23,808
34,808
37,808
10,809
23,809
35,809
37,809
10,810
23,810
34,810
38,810
5,811
23,811
34,811
37,811
3,812
30,812
32,812
38,812
5,813
22,813
35,813
37,813
5,814
23,814
34,814
37,814
10,815
23,815
35,815
37,815
3,816
30,816
32,816
38,816
10,817
24,817
32,817
38,817
8,818
23,818
34,818
37,818
3,819
23,819
34,819
37,819
5,820
23,820
34,820
37,820
9,821
12,821
33,821
37,821
30,734
30,735
4,822
30,822
33,822
37,822
4,823
30,823
33,823
37,823
2,824
27,824
33,824
38,824
2,825
27,825
33,825
37,825
2,826
27,826
34,826
38,826
7,827
20,827
33,827
37,827
7,828
20,828
33,828
38,828
7,829
20,829
32,829
38,829
2,830
21,830
33,830
37,830
2,831
21,831
34,831
37,831
7,832
21,832
32,832
37,832
2,833
21,833
35,833
37,833
5,834
18,834
33,834
37,834
5,835
18,835
33,835
37,835
5,836
18,836
34,836
37,836
3,837
21,837
33,837
37,837
3,838
21,838
34,838
37,838
3,839
21,839
34,839
37,839
5,840
17,840
33,840
37,840
5,841
17,841
32,841
37,841
3,842
17,842
34,842
37,842
5,843
17,843
34,843
37,843
5,844
12,844
32,844
37,844
5,845
12,845
32,845
37,845
5,846
12,846
32,846
37,846
5,847
14,847
33,847
37,847
5,848
14,848
33,848
37,848
5,849
14,849
32,849
37,849
5,850
14,850
34,850
37,850
5,851
14,851
32,851
37,851
5,852
14,852
32,852
37,852
5,853
14,853
32,853
37,853
5,854
14,854
34,854
37,854
5,855
12,855
32,855
38,855
5,856
12,856
33,856
38,856
5,857
12,857
32,857
38,857
5,858
12,858
34,858
37,858
7,859
14,859
33,859
37,859
7,860
14,860
33,860
37,860
7,861
14,861
33,861
37,861
7,862
14,862
33,862
37,862
4,863
29,863
32,863
38,863
4,864
29,864
32,864
38,864
4,865
29,865
34,865
38,865
4,866
29,866
34,866
38,866
4,867
29,867
34,867
38,867
4,868
29,868
32,868
38,868
4,869
29,869
32,869
38,869
5,870
25,870
33,870
38,870
5,871
25,871
34,871
38,871
2,872
29,872
33,872
37,872
2,873
29,873
32,873
38,873
1,874
11,874
31,874
36,874
5,875
12,875
32,875
38,875
8,876
12,876
34,876
37,876
5,877
18,877
32,877
38,877
5,878
18,878
32,878
38,878
5,879
18,879
32,879
38,879
5,880
18,880
32,880
38,880
1,881
11,881
31,881
36,881
6,882
29,882
32,882
38,882
6,883
29,883
33,883
38,883
6,884
23,884
33,884
38,884
5,885
13,885
32,885
37,885
5,886
13,886
34,886
37,886
5,887
13,887
34,887
37,887
5,888
13,888
35,888
37,888
5,889
28,889
33,889
37,889
5,890
28,890
34,890
37,890
6,891
29,891
33,891
37,891
6,892
29,892
32,892
37,892
6,893
29,893
33,893
37,893
5,894
18,894
32,894
37,894
5,895
11,895
31,895
36,895
5,896
16,896
32,896
38,896
5,897
16,897
32,897
37,897
10,898
16,898
32,898
38,898
5,899
21,899
32,899
38,899
5,900
12,900
35,900
37,900
5,901
27,901
34,901
37,901
5,902
18,902
35,902
37,902
5,903
21,903
33,903
38,903
5,904
30,904
33,904
37,904
5,905
18,905
32,905
38,905
4,906
25,906
34,906
37,906
5,907
24,907
33,907
37,907
8,908
14,908
32,908
37,908
5,909
14,909
34,909
37,909
5,910
23,910
32,910
38,910
1,911
23,911
34,911
37,911
10,912
23,912
35,912
37,912
9,913
26,913
32,913
37,913
9,914
26,914
32,914
37,914
10,915
29,915
32,915
38,915
5,916
25,916
34,916
37,916
5,917
25,917
34,917
37,917
5,918
25,918
34,918
37,918
5,919
16,919
34,919
37,919
8,920
23,920
35,920
37,920
8,921
12,921
33,921
37,921
5,922
27,922
34,922
37,922
5,923
19,923
34,923
37,923
10,924
19,924
32,924
38,924
10,925
29,925
32,925
38,925
5,926
19,926
34,926
37,926
5,927
26,927
34,927
37,927
5,928
26,928
34,928
37,928
10,929
29,929
32,929
38,929
5,930
26,930
33,930
37,930
5,931
26,931
32,931
38,931
5,932
26,932
32,932
37,932
5,933
26,933
34,933
37,933
10,934
21,934
32,934
38,934
2,935
29,935
35,935
37,935
3,936
26,936
32,936
37,936
3,937
26,937
33,937
37,937
3,938
26,938
34,938
37,938
3,939
21,939
34,939
37,939
3,940
21,940
33,940
37,940
3,941
29,941
33,941
37,941
5,942
26,942
34,942
37,942
2,943
23,943
34,943
37,943
2,944
13,944
33,944
37,944
2,945
28,945
32,945
37,945
2,946
29,946
32,946
38,946
4,947
30,947
34,947
37,947
8,948
23,948
33,948
38,948
3,949
29,949
31,949
38,949
10,950
29,950
31,950
38,950
8,951
28,951
34,951
37,951
5,952
23,952
34,952
37,952
3,953
29,953
32,953
38,953
8,954
25,954
35,954
37,954
2,955
23,955
34,955
37,955
7,956
29,956
32,956
38,956
7,957
23,957
33,957
37,957
3,958
29,958
32,958
38,958
3,959
26,959
34,959
37,959
3,960
26,960
33,960
37,960
3,961
26,961
34,961
37,961
3,962
26,962
34,962
37,962
5,963
19,963
33,963
37,963
5,964
19,964
32,964
37,964
5,965
19,965
34,965
37,965
2,966
28,966
33,966
37,966
2,967
28,967
32,967
37,967
2,968
28,968
34,968
37,968
2,969
12,969
33,969
37,969
2,970
12,970
33,970
37,970
2,971
12,971
34,971
37,971
2,972
12,972
35,972
37,972
5,973
23,973
33,973
37,973
5,974
23,974
33,974
37,974
5,975
23,975
34,975
37,975
4,976
25,976
33,976
37,976
4,977
25,977
33,977
37,977
4,978
25,978
33,978
37,978
4,979
25,979
33,979
37,979
4,980
17,980
33,980
37,980
4,981
17,981
33,981
37,981
4,982
17,982
34,982
37,982
4,983
26,983
33,983
37,983
4,984
26,984
33,984
37,984
4,985
26,985
34,985
37,985
4,986
21,986
33,986
37,986
4,987
21,987
33,987
38,987
4,988
21,988
33,988
38,988
4,989
21,989
33,989
38,989
4,990
24,990
33,990
37,990
4,991
24,991
33,991
37,991
4,992
24,992
33,992
37,992
4,993
24,993
33,993
37,993
5,994
27,994
33,994
37,994
5,995
27,995
33,995
37,995
5,996
27,996
34,996
37,996
5,997
27,997
35,997
38,997
5,998
25,998
33,998
37,998
5,999
25,999
33,999
38,999
5,1000
25,1000
34,1000
38,1000
5,1001
25,1001
34,1001
37,1001
8,1002
23,1002
33,1002
37,1002
8,1003
23,1003
32,1003
38,1003
8,1004
23,1004
32,1004
37,1004
8,1005
23,1005
34,1005
37,1005
1,1006
11,1006
31,1006
36,1006
3,1007
25,1007
32,1007
37,1007
3,1008
24,1008
33,1008
37,1008
3,1009
25,1009
34,1009
37,1009
1,1010
24,1010
32,1010
37,1010
1,1011
24,1011
33,1011
37,1011
8,1012
24,1012
33,1012
37,1012
8,1013
24,1013
34,1013
37,1013
4,1014
30,1014
33,1014
37,1014
4,1015
25,1015
33,1015
37,1015
4,1016
23,1016
33,1016
37,1016
5,1017
19,1017
33,1017
37,1017
5,1018
19,1018
34,1018
37,1018
5,1019
30,1019
32,1019
38,1019
5,1020
30,1020
34,1020
37,1020
5,1021
30,1021
35,1021
37,1021
5,1022
27,1022
32,1022
38,1022
5,1023
27,1023
34,1023
37,1023
5,1024
27,1024
34,1024
38,1024
5,1025
25,1025
34,1025
37,1025
5,1026
25,1026
32,1026
37,1026
5,1027
25,1027
35,1027
38,1027
8,1028
25,1028
34,1028
37,1028
10,1029
29,1029
34,1029
38,1029
3,1030
25,1030
34,1030
37,1030
3,1031
25,1031
34,1031
37,1031
10,1032
26,1032
34,1032
37,1032
5,1033
23,1033
34,1033
37,1033
7,1034
21,1034
33,1034
37,1034
7,1035
21,1035
34,1035
37,1035
7,1036
21,1036
34,1036
37,1036
9,1037
18,1037
33,1037
38,1037
5,1038
21,1038
32,1038
37,1038
5,1039
20,1039
35,1039
37,1039
5,1040
21,1040
34,1040
37,1040
8,1041
20,1041
34,1041
37,1041
7,1042
20,1042
33,1042
37,1042
5,1043
20,1043
33,1043
37,1043
5,1044
20,1044
35,1044
37,1044
5,1045
18,1045
34,1045
37,1045
5,1046
18,1046
34,1046
37,1046
5,1047
16,1047
34,1047
37,1047
5,1048
16,1048
34,1048
37,1048
5,1049
18,1049
34,1049
37,1049
5,1050
18,1050
33,1050
37,1050
5,1051
18,1051
34,1051
37,1051
8,1052
14,1052
34,1052
37,1052
8,1053
14,1053
35,1053
37,1053
3,1054
12,1054
33,1054
37,1054
3,1055
12,1055
33,1055
37,1055
2,1056
23,1056
32,1056
37,1056
2,1057
23,1057
33,1057
37,1057
2,1058
23,1058
34,1058
37,1058
2,1059
23,1059
35,1059
38,1059
2,1060
23,1060
34,1060
37,1060
5,1061
23,1061
34,1061
37,1061
5,1062
23,1062
35,1062
37,1062
5,1063
23,1063
34,1063
37,1063
5,1064
23,1064
35,1064
37,1064
5,1065
23,1065
35,1065
37,1065
5,1066
18,1066
32,1066
37,1066
5,1067
18,1067
34,1067
37,1067
5,1068
18,1068
35,1068
37,1068
5,1069
18,1069
32,1069
37,1069
9,1070
30,1070
32,1070
37,1070
9,1071
30,1071
32,1071
37,1071
9,1072
23,1072
34,1072
38,1072
9,1073
30,1073
34,1073
37,1073
9,1074
30,1074
34,1074
37,1074
2,1075
27,1075
34,1075
37,1075
2,1076
27,1076
34,1076
37,1076
2,1077
23,1077
34,1077
37,1077
2,1078
23,1078
34,1078
37,1078
5,1079
24,1079
34,1079
37,1079
5,1080
24,1080
34,1080
37,1080
4,1081
13,1081
32,1081
37,1081
4,1082
13,1082
34,1082
38,1082
4,1083
13,1083
32,1083
38,1083
8,1084
14,1084
34,1084
37,1084
5,1085
12,1085
32,1085
37,1085
8,1086
14,1086
34,1086
37,1086
7,1087
30,1087
32,1087
38,1087
5,1088
14,1088
32,1088
38,1088
8,1089
14,1089
33,1089
37,1089
8,1090
14,1090
33,1090
37,1090
5,1091
16,1091
35,1091
37,1091
3,1092
26,1092
33,1092
37,1092
3,1093
26,1093
33,1093
37,1093
3,1094
26,1094
34,1094
37,1094
5,1095
25,1095
32,1095
37,1095
5,1096
25,1096
32,1096
38,1096
5,1097
25,1097
32,1097
38,1097
3,1098
26,1098
34,1098
37,1098
10,1099
26,1099
34,1099
37,1099
10,1100
29,1100
34,1100
38,1100
3,1101
18,1101
33,1101
37,1101
10,1102
25,1102
34,1102
37,1102
10,1103
28,1103
32,1103
37,1103
7,1104
25,1104
32,1104
38,1104
4,1105
22,1105
34,1105
38,1105
10,1106
25,1106
32,1106
37,1106
10,1107
16,1107
32,1107
38,1107
10,1108
26,1108
34,1108
37,1108
4,1109
26,1109
33,1109
37,1109
8,1110
14,1110
34,1110
37,1110
9,1111
14,1111
33,1111
38,1111
6,1112
29,1112
32,1112
36,1112
9,1113
29,1113
32,1113
38,1113
10,1114
29,1114
32,1114
38,1114
4,1115
26,1115
34,1115
37,1115
4,1116
25,1116
33,1116
37,1116
3,1117
21,1117
33,1117
37,1117
3,1118
21,1118
33,1118
37,1118
3,1119
21,1119
32,1119
38,1119
3,1120
21,1120
34,1120
37,1120
7,1121
21,1121
33,1121
37,1121
7,1122
21,1122
33,1122
37,1122
7,1123
21,1123
33,1123
37,1123
7,1124
21,1124
34,1124
37,1124
8,1125
21,1125
33,1125
37,1125
8,1126
21,1126
33,1126
37,1126
8,1127
21,1127
33,1127
37,1127
8,1128
21,1128
34,1128
37,1128
5,1129
20,1129
33,1129
37,1129
5,1130
21,1130
33,1130
37,1130
5,1131
21,1131
32,1131
38,1131
5,1132
21,1132
34,1132
37,1132
5,1133
21,1133
33,1133
37,1133
10,1134
21,1134
32,1134
37,1134
10,1135
21,1135
33,1135
37,1135
5,1136
21,1136
34,1136
37,1136
4,1137
27,1137
33,1137
37,1137
4,1138
27,1138
33,1138
37,1138
4,1139
27,1139
33,1139
37,1139
4,1140
27,1140
34,1140
37,1140
4,1141
24,1141
33,1141
37,1141
4,1142
24,1142
33,1142
37,1142
4,1143
24,1143
33,1143
37,1143
4,1144
24,1144
34,1144
37,1144
4,1145
22,1145
33,1145
37,1145
4,1146
22,1146
33,1146
37,1146
4,1147
22,1147
33,1147
37,1147
4,1148
22,1148
34,1148
37,1148
4,1149
30,1149
33,1149
37,1149
4,1150
30,1150
33,1150
37,1150
4,1151
30,1151
33,1151
37,1151
4,1152
30,1152
34,1152
37,1152
4,1153
24,1153
33,1153
37,1153
4,1154
24,1154
33,1154
37,1154
4,1155
24,1155
33,1155
37,1155
4,1156
24,1156
34,1156
37,1156
10,1157
16,1157
33,1157
37,1157
10,1158
16,1158
33,1158
37,1158
10,1159
16,1159
32,1159
37,1159
10,1160
16,1160
32,1160
37,1160
5,1161
25,1161
33,1161
37,1161
5,1162
25,1162
33,1162
37,1162
5,1163
25,1163
33,1163
37,1163
5,1164
25,1164
33,1164
37,1164
5,1165
25,1165
34,1165
37,1165
5,1166
25,1166
32,1166
37,1166
3,1167
26,1167
33,1167
37,1167
3,1168
26,1168
34,1168
37,1168
3,1169
26,1169
34,1169
37,1169
3,1170
26,1170
34,1170
38,1170
5,1171
23,1171
33,1171
37,1171
5,1172
23,1172
35,1172
37,1172
5,1173
23,1173
33,1173
38,1173
5,1174
23,1174
34,1174
38,1174
8,1175
25,1175
33,1175
37,1175
8,1176
25,1176
34,1176
38,1176
8,1177
25,1177
34,1177
37,1177
8,1178
25,1178
34,1178
38,1178
3,1179
24,1179
33,1179
37,1179
3,1180
24,1180
33,1180
37,1180
3,1181
24,1181
34,1181
37,1181
5,1182
18,1182
33,1182
37,1182
5,1183
18,1183
32,1183
37,1183
5,1184
18,1184
34,1184
37,1184
3,1185
24,1185
33,1185
37,1185
3,1186
24,1186
32,1186
37,1186
3,1187
24,1187
34,1187
37,1187
2,1188
28,1188
34,1188
38,1188
2,1189
28,1189
34,1189
37,1189
2,1190
19,1190
33,1190
37,1190
2,1191
19,1191
32,1191
38,1191
2,1192
19,1192
32,1192
38,1192
2,1193
19,1193
34,1193
37,1193
5,1194
13,1194
33,1194
37,1194
5,1195
13,1195
33,1195
37,1195
5,1196
13,1196
34,1196
37,1196
5,1197
13,1197
34,1197
38,1197
4,1198
13,1198
33,1198
37,1198
4,1199
13,1199
33,1199
37,1199
4,1200
13,1200
33,1200
37,1200
4,1201
13,1201
34,1201
38,1201
8,1202
14,1202
32,1202
37,1202
8,1203
14,1203
34,1203
37,1203
8,1204
14,1204
34,1204
37,1204
8,1205
14,1205
32,1205
38,1205
5,1206
13,1206
33,1206
37,1206
5,1207
13,1207
32,1207
37,1207
5,1208
13,1208
34,1208
38,1208
5,1209
13,1209
34,1209
38,1209
9,1210
29,1210
33,1210
37,1210
9,1211
30,1211
33,1211
37,1211
9,1212
30,1212
33,1212
37,1212
9,1213
30,1213
34,1213
37,1213
5,1214
20,1214
34,1214
37,1214
4,1215
16,1215
33,1215
37,1215
4,1216
24,1216
34,1216
37,1216
9,1217
12,1217
33,1217
37,1217
8,1218
14,1218
33,1218
37,1218
5,1219
16,1219
34,1219
37,1219
5,1220
16,1220
34,1220
37,1220
5,1221
18,1221
34,1221
37,1221
5,1222
16,1222
34,1222
37,1222
10,1223
21,1223
32,1223
37,1223
5,1224
18,1224
34,1224
37,1224
5,1225
16,1225
34,1225
37,1225
5,1226
18,1226
34,1226
37,1226
3,1227
12,1227
34,1227
37,1227
5,1228
18,1228
34,1228
37,1228
4,1229
26,1229
33,1229
37,1229
4,1230
25,1230
34,1230
37,1230
7,1231
21,1231
34,1231
37,1231
3,1232
21,1232
32,1232
37,1232
5,1233
18,1233
34,1233
37,1233
3,1234
25,1234
34,1234
37,1234
5,1235
25,1235
34,1235
37,1235
5,1236
25,1236
33,1236
37,1236
5,1237
25,1237
34,1237
37,1237
2,1238
23,1238
34,1238
37,1238
2,1239
28,1239
34,1239
37,1239
5,1240
18,1240
32,1240
38,1240
5,1241
12,1241
33,1241
37,1241
4,1242
14,1242
34,1242
37,1242
6,1243
30,1243
32,1243
37,1243
2,1244
25,1244
34,1244
37,1244
4,1245
25,1245
33,1245
37,1245
1,1246
11,1246
31,1246
36,1246
5,1247
25,1247
32,1247
37,1247
5,1248
18,1248
34,1248
37,1248
5,1249
26,1249
34,1249
37,1249
4,1250
23,1250
34,1250
37,1250
3,1251
21,1251
34,1251
37,1251
8,1252
14,1252
34,1252
37,1252
4,1253
30,1253
35,1253
38,1253
5,1254
12,1254
34,1254
37,1254
10,1255
29,1255
32,1255
38,1255
5,1256
24,1256
32,1256
38,1256
1,1257
11,1257
31,1257
36,1257
2,1258
23,1258
35,1258
37,1258
1,1259
11,1259
31,1259
36,1259
7,1260
25,1260
32,1260
37,1260
4,1261
30,1261
32,1261
38,1261
5,1262
25,1262
34,1262
37,1262
10,1263
25,1263
34,1263
37,1263
10,1264
29,1264
32,1264
38,1264
4,1265
29,1265
32,1265
38,1265
4,1266
30,1266
33,1266
38,1266
4,1267
30,1267
33,1267
38,1267
4,1268
24,1268
34,1268
37,1268
4,1269
30,1269
34,1269
38,1269
4,1270
30,1270
33,1270
38,1270
4,1271
30,1271
32,1271
38,1271
4,1272
30,1272
34,1272
38,1272
3,1273
13,1273
34,1273
37,1273
3,1274
13,1274
33,1274
37,1274
3,1275
13,1275
32,1275
38,1275
8,1276
14,1276
33,1276
37,1276
8,1277
14,1277
34,1277
37,1277
8,1278
14,1278
34,1278
37,1278
5,1279
12,1279
32,1279
37,1279
5,1280
12,1280
31,1280
36,1280
5,1281
12,1281
35,1281
37,1281
5,1282
24,1282
34,1282
37,1282
5,1283
24,1283
32,1283
37,1283
5,1284
25,1284
33,1284
37,1284
5,1285
25,1285
32,1285
37,1285
5,1286
25,1286
33,1286
37,1286
2,1287
23,1287
33,1287
37,1287
2,1288
23,1288
34,1288
37,1288
2,1289
23,1289
32,1289
38,1289
5,1290
19,1290
33,1290
37,1290
5,1291
19,1291
33,1291
37,1291
2,1292
23,1292
34,1292
37,1292
2,1293
23,1293
34,1293
37,1293
8,1294
16,1294
33,1294
37,1294
8,1295
16,1295
32,1295
37,1295
8,1296
16,1296
33,1296
38,1296
2,1297
23,1297
32,1297
37,1297
2,1298
23,1298
33,1298
37,1298
2,1299
23,1299
34,1299
37,1299
2,1300
23,1300
35,1300
38,1300
7,1302
18,1302
34,1302
37,1302
10,1304
29,1304
31,1304
38,1304
3,1306
26,1306
32,1306
37,1306
3,1307
29,1307
31,1307
38,1307
3,1308
29,1308
34,1308
37,1308
7,1309
30,1309
31,1309
38,1309
2,1310
22,1310
33,1310
38,1310
3,1311
21,1311
34,1311
37,1311
1,1312
11,1312
31,1312
36,1312
10,1313
21,1313
31,1313
38,1313
10,1314
21,1314
31,1314
38,1314
10,1315
21,1315
32,1315
37,1315
5,1316
21,1316
33,1316
37,1316
5,1317
21,1317
32,1317
37,1317
5,1318
21,1318
33,1318
38,1318
5,1319
21,1319
34,1319
37,1319
5,1320
21,1320
34,1320
37,1320
5,1321
21,1321
34,1321
37,1321
5,1322
21,1322
34,1322
38,1322
3,1323
21,1323
33,1323
37,1323
3,1324
21,1324
34,1324
37,1324
3,1325
21,1325
31,1325
37,1325
2,1326
19,1326
33,1326
37,1326
2,1327
19,1327
32,1327
38,1327
2,1328
19,1328
33,1328
38,1328
4,1329
25,1329
33,1329
37,1329
4,1330
25,1330
33,1330
37,1330
4,1331
25,1331
33,1331
38,1331
4,1332
25,1332
34,1332
37,1332
4,1333
22,1333
33,1333
37,1333
4,1334
22,1334
33,1334
37,1334
4,1335
22,1335
33,1335
37,1335
4,1336
22,1336
34,1336
37,1336
1,1337
11,1337
31,1337
36,1337
4,1338
22,1338
33,1338
37,1338
4,1339
22,1339
33,1339
37,1339
4,1340
22,1340
33,1340
37,1340
4,1341
22,1341
34,1341
37,1341
4,1342
17,1342
33,1342
37,1342
4,1343
17,1343
33,1343
37,1343
4,1344
17,1344
33,1344
37,1344
4,1345
23,1345
33,1345
37,1345
4,1346
23,1346
33,1346
37,1346
4,1347
23,1347
34,1347
37,1347
5,1348
12,1348
32,1348
37,1348
5,1349
12,1349
33,1349
37,1349
5,1350
12,1350
34,1350
37,1350
5,1351
12,1351
34,1351
37,1351
8,1352
12,1352
33,1352
37,1352
8,1353
12,1353
34,1353
37,1353
8,1354
12,1354
35,1354
37,1354
8,1355
12,1355
35,1355
37,1355
10,1356
14,1356
32,1356
38,1356
10,1357
14,1357
32,1357
38,1357
10,1358
14,1358
32,1358
37,1358
3,1359
13,1359
33,1359
37,1359
3,1360
13,1360
34,1360
37,1360
3,1361
13,1361
34,1361
37,1361
8,1362
14,1362
34,1362
37,1362
8,1363
14,1363
34,1363
37,1363
8,1364
14,1364
34,1364
37,1364
8,1365
14,1365
34,1365
37,1365
2,1366
28,1366
34,1366
38,1366
2,1367
28,1367
32,1367
38,1367
2,1368
28,1368
34,1368
37,1368
3,1369
16,1369
32,1369
38,1369
3,1370
16,1370
33,1370
37,1370
3,1371
16,1371
34,1371
37,1371
5,1372
27,1372
33,1372
37,1372
5,1373
27,1373
32,1373
37,1373
5,1374
27,1374
34,1374
37,1374
5,1375
18,1375
33,1375
37,1375
5,1376
18,1376
32,1376
37,1376
5,1377
18,1377
34,1377
37,1377
2,1378
23,1378
33,1378
37,1378
2,1379
23,1379
34,1379
37,1379
2,1380
23,1380
35,1380
37,1380
5,1381
25,1381
33,1381
37,1381
5,1382
25,1382
33,1382
37,1382
5,1383
25,1383
32,1383
37,1383
7,1384
27,1384
33,1384
37,1384
7,1385
27,1385
33,1385
37,1385
7,1386
27,1386
33,1386
37,1386
7,1387
27,1387
32,1387
37,1387
3,1388
25,1388
33,1388
37,1388
3,1389
25,1389
32,1389
37,1389
3,1390
25,1390
34,1390
37,1390
3,1391
25,1391
34,1391
37,1391
3,1392
25,1392
34,1392
37,1392
5,1393
22,1393
33,1393
37,1393
5,1394
22,1394
33,1394
37,1394
5,1395
22,1395
33,1395
37,1395
5,1396
22,1396
34,1396
37,1396
7,1397
22,1397
33,1397
37,1397
7,1398
22,1398
32,1398
37,1398
7,1399
22,1399
33,1399
37,1399
3,1400
25,1400
34,1400
37,1400
10,1401
23,1401
34,1401
37,1401
3,1402
23,1402
33,1402
37,1402
8,1403
23,1403
34,1403
37,1403
10,1404
25,1404
31,1404
38,1404
10,1405
23,1405
34,1405
38,1405
10,1406
30,1406
35,1406
37,1406
10,1407
23,1407
32,1407
38,1407
10,1408
29,1408
32,1408
38,1408
10,1409
23,1409
34,1409
38,1409
10,1410
23,1410
34,1410
37,1410
3,1411
25,1411
34,1411
37,1411
5,1412
23,1412
34,1412
37,1412
8,1413
25,1413
35,1413
37,1413
2,1414
23,1414
32,1414
36,1414
10,1415
25,1415
32,1415
37,1415
10,1416
29,1416
32,1416
38,1416
10,1417
23,1417
32,1417
38,1417
8,1418
30,1418
32,1418
38,1418
8,1419
25,1419
34,1419
37,1419
10,1420
25,1420
35,1420
37,1420
5,1421
25,1421
33,1421
37,1421
5,1422
25,1422
37,1422
32,1422
5,1423
25,1423
34,1423
37,1423
5,1424
25,1424
34,1424
37,1424
8,1425
23,1425
35,1425
38,1425
8,1426
25,1426
33,1426
37,1426
7,1427
25,1427
34,1427
37,1427
10,1428
25,1428
34,1428
37,1428
5,1429
25,1429
32,1429
38,1429
5,1430
25,1430
33,1430
38,1430
5,1431
25,1431
32,1431
37,1431
8,1432
23,1432
32,1432
38,1432
7,1433
25,1433
32,1433
38,1433
8,1434
23,1434
32,1434
37,1434
8,1435
30,1435
34,1435
37,1435
10,1436
25,1436
32,1436
37,1436
3,1437
11,1437
34,1437
37,1437
10,1438
25,1438
34,1438
37,1438
10,1439
23,1439
35,1439
37,1439
10,1440
23,1440
35,1440
38,1440
10,1441
23,1441
34,1441
38,1441
8,1442
23,1442
34,1442
37,1442
10,1443
23,1443
32,1443
38,1443
10,1444
23,1444
34,1444
37,1444
10,1445
23,1445
32,1445
38,1445
10,1446
23,1446
32,1446
38,1446
10,1447
23,1447
35,1447
37,1447
10,1448
23,1448
32,1448
38,1448
10,1449
23,1449
34,1449
37,1449
10,1450
29,1450
32,1450
38,1450
5,1451
23,1451
34,1451
37,1451
10,1452
23,1452
35,1452
37,1452
10,1453
23,1453
35,1453
38,1453
10,1454
30,1454
32,1454
38,1454
10,1455
23,1455
34,1455
37,1455
10,1456
23,1456
32,1456
37,1456
10,1457
25,1457
32,1457
37,1457
10,1458
23,1458
33,1458
37,1458
10,1459
25,1459
32,1459
38,1459
3,1460
23,1460
33,1460
37,1460
10,1461
25,1461
32,1461
37,1461
10,1462
25,1462
34,1462
38,1462
10,1463
25,1463
35,1463
38,1463
7,1464
25,1464
35,1464
37,1464
10,1465
25,1465
35,1465
37,1465
10,1466
23,1466
34,1466
37,1466
10,1467
25,1467
35,1467
38,1467
10,1468
25,1468
33,1468
38,1468
3,1469
25,1469
34,1469
37,1469
10,1470
23,1470
32,1470
38,1470
5,1471
22,1471
34,1471
37,1471
5,1472
22,1472
34,1472
37,1472
10,1473
23,1473
34,1473
37,1473
10,1474
25,1474
34,1474
37,1474
10,1475
23,1475
34,1475
37,1475
10,1476
23,1476
32,1476
38,1476
10,1477
25,1477
32,1477
37,1477
10,1478
25,1478
33,1478
37,1478
5,1479
25,1479
34,1479
37,1479
10,1480
25,1480
34,1480
37,1480
10,1481
22,1481
34,1481
37,1481
3,1482
30,1482
33,1482
37,1482
10,1483
29,1483
32,1483
37,1483
10,1484
23,1484
34,1484
37,1484
5,1485
25,1485
34,1485
37,1485
5,1486
25,1486
32,1486
38,1486
5,1487
25,1487
35,1487
37,1487
10,1488
23,1488
35,1488
37,1488
10,1489
25,1489
34,1489
37,1489
10,1490
23,1490
35,1490
37,1490
10,1491
25,1491
34,1491
37,1491
10,1492
25,1492
34,1492
37,1492
10,1493
29,1493
35,1493
37,1493
10,1494
25,1494
32,1494
37,1494
10,1495
25,1495
32,1495
38,1495
10,1496
25,1496
34,1496
37,1496
5,1497
25,1497
34,1497
37,1497
10,1498
22,1498
34,1498
38,1498
5,1499
22,1499
35,1499
37,1499
5,1500
18,1500
33,1500
37,1500
5,1501
18,1501
34,1501
37,1501
5,1502
18,1502
32,1502
38,1502
5,1503
24,1503
34,1503
37,1503
5,1504
24,1504
34,1504
37,1504
5,1505
24,1505
35,1505
37,1505
3,1506
19,1506
33,1506
37,1506
3,1507
19,1507
33,1507
37,1507
3,1508
19,1508
34,1508
37,1508
9,1509
26,1509
33,1509
38,1509
9,1510
26,1510
33,1510
38,1510
9,1511
26,1511
32,1511
38,1511
9,1512
26,1512
34,1512
38,1512
2,1513
21,1513
33,1513
38,1513
2,1514
21,1514
32,1514
37,1514
2,1515
21,1515
34,1515
37,1515
4,1516
23,1516
33,1516
37,1516
4,1517
23,1517
32,1517
37,1517
4,1518
23,1518
33,1518
37,1518
4,1519
23,1519
34,1519
37,1519
4,1520
25,1520
33,1520
37,1520
4,1521
25,1521
33,1521
37,1521
4,1522
25,1522
33,1522
37,1522
4,1523
25,1523
34,1523
37,1523
4,1524
20,1524
33,1524
37,1524
4,1525
20,1525
33,1525
37,1525
4,1526
20,1526
33,1526
37,1526
4,1527
20,1527
34,1527
37,1527
4,1528
24,1528
33,1528
37,1528
4,1529
24,1529
33,1529
37,1529
4,1530
24,1530
33,1530
38,1530
4,1531
24,1531
34,1531
37,1531
4,1532
23,1532
33,1532
37,1532
4,1533
23,1533
33,1533
37,1533
4,1534
23,1534
34,1534
37,1534
9,1535
13,1535
33,1535
38,1535
9,1536
13,1536
33,1536
37,1536
9,1537
13,1537
33,1537
37,1537
8,1538
14,1538
32,1538
37,1538
8,1539
14,1539
33,1539
37,1539
8,1540
14,1540
32,1540
38,1540
8,1541
14,1541
32,1541
37,1541
8,1542
14,1542
32,1542
37,1542
8,1543
14,1543
32,1543
37,1543
8,1544
14,1544
33,1544
37,1544
5,1545
13,1545
33,1545
37,1545
5,1546
13,1546
33,1546
37,1546
5,1547
13,1547
33,1547
37,1547
8,1548
14,1548
32,1548
38,1548
8,1549
14,1549
32,1549
37,1549
8,1550
13,1550
32,1550
38,1550
5,1551
20,1551
33,1551
37,1551
5,1552
20,1552
34,1552
37,1552
5,1553
20,1553
34,1553
37,1553
5,1554
21,1554
34,1554
37,1554
5,1555
21,1555
34,1555
37,1555
5,1556
21,1556
34,1556
37,1556
7,1557
20,1557
33,1557
37,1557
7,1558
20,1558
32,1558
38,1558
7,1559
20,1559
32,1559
38,1559
7,1560
20,1560
34,1560
37,1560
3,1561
21,1561
32,1561
38,1561
3,1562
21,1562
34,1562
37,1562
3,1563
21,1563
34,1563
37,1563
9,1564
18,1564
33,1564
37,1564
9,1565
18,1565
32,1565
38,1565
9,1566
18,1566
34,1566
37,1566
5,1567
25,1567
33,1567
37,1567
5,1568
25,1568
33,1568
37,1568
5,1569
25,1569
33,1569
37,1569
5,1570
25,1570
33,1570
37,1570
3,1571
25,1571
33,1571
37,1571
3,1572
25,1572
33,1572
37,1572
8,1573
23,1573
33,1573
37,1573
8,1574
23,1574
33,1574
37,1574
8,1575
23,1575
32,1575
37,1575
5,1576
25,1576
33,1576
37,1576
5,1577
25,1577
33,1577
37,1577
5,1578
25,1578
33,1578
37,1578
5,1579
25,1579
32,1579
38,1579
5,1580
25,1580
34,1580
37,1580
5,1581
25,1581
33,1581
37,1581
5,1582
25,1582
33,1582
37,1582
5,1583
25,1583
34,1583
37,1583
5,1584
25,1584
34,1584
38,1584
5,1585
19,1585
34,1585
37,1585
5,1587
20,1587
34,1587
37,1587
5,1586
21,1586
35,1586
37,1586
5,1588
21,1588
33,1588
37,1588
7,1589
21,1589
32,1589
37,1589
5,1590
16,1590
32,1590
37,1590
5,1591
21,1591
32,1591
37,1591
3,1592
21,1592
34,1592
37,1592
5,1593
16,1593
35,1593
37,1593
5,1594
18,1594
34,1594
37,1594
5,1595
18,1595
34,1595
37,1595
6,1596
25,1596
34,1596
37,1596
2,1597
23,1597
34,1597
37,1597
7,1598
23,1598
33,1598
37,1598
5,1599
26,1599
34,1599
37,1599
5,1600
16,1600
34,1600
37,1600
5,1601
18,1601
34,1601
37,1601
5,1602
23,1602
34,1602
37,1602
5,1603
23,1603
34,1603
37,1603
8,1604
23,1604
34,1604
37,1604
5,1605
13,1605
34,1605
37,1605
5,1606
12,1606
33,1606
37,1606
8,1607
14,1607
33,1607
37,1607
8,1608
22,1608
34,1608
37,1608
8,1609
12,1609
34,1609
37,1609
5,1610
12,1610
32,1610
37,1610
4,1611
25,1611
32,1611
38,1611
4,1612
21,1612
33,1612
37,1612
4,1613
16,1613
33,1613
37,1613
2,1614
25,1614
34,1614
37,1614
5,1615
25,1615
32,1615
38,1615
5,1616
25,1616
33,1616
37,1616
5,1617
25,1617
34,1617
38,1617
5,1623
21,1623
32,1623
37,1623
5,1624
21,1624
32,1624
38,1624
5,1625
21,1625
32,1625
37,1625
5,1626
21,1626
33,1626
38,1626
5,1627
21,1627
35,1627
37,1627
5,1628
21,1628
35,1628
37,1628
5,1629
21,1629
35,1629
37,1629
7,1630
18,1630
33,1630
37,1630
7,1631
18,1631
33,1631
38,1631
7,1632
18,1632
34,1632
37,1632
7,1633
18,1633
33,1633
37,1633
5,1634
21,1634
33,1634
37,1634
5,1635
21,1635
33,1635
38,1635
5,1636
21,1636
34,1636
37,1636
9,1637
21,1637
33,1637
37,1637
9,1638
21,1638
32,1638
37,1638
9,1639
21,1639
34,1639
37,1639
4,1640
21,1640
33,1640
37,1640
4,1641
21,1641
34,1641
37,1641
4,1642
21,1642
32,1642
37,1642
4,1643
25,1643
33,1643
37,1643
4,1644
25,1644
33,1644
37,1644
4,1645
25,1645
33,1645
37,1645
4,1646
25,1646
34,1646
37,1646
4,1647
25,1647
33,1647
37,1647
4,1648
25,1648
33,1648
37,1648
4,1649
25,1649
33,1649
37,1649
4,1650
25,1650
34,1650
37,1650
4,1651
24,1651
34,1651
38,1651
4,1652
25,1652
34,1652
38,1652
4,1653
25,1653
35,1653
37,1653
4,1654
17,1654
33,1654
37,1654
4,1655
17,1655
33,1655
37,1655
4,1656
17,1656
34,1656
37,1656
4,1657
17,1657
32,1657
38,1657
3,1658
25,1658
33,1658
37,1658
3,1659
25,1659
33,1659
37,1659
3,1660
25,1660
34,1660
37,1660
5,1661
19,1661
33,1661
37,1661
5,1662
19,1662
33,1662
37,1662
5,1663
19,1663
34,1663
37,1663
5,1664
19,1664
35,1664
37,1664
6,1665
24,1665
33,1665
37,1665
6,1666
24,1666
33,1666
37,1666
6,1667
24,1667
34,1667
37,1667
2,1668
25,1668
34,1668
37,1668
2,1669
25,1669
32,1669
38,1669
2,1670
25,1670
34,1670
37,1670
2,1671
23,1671
33,1671
37,1671
2,1672
23,1672
32,1672
38,1672
2,1673
23,1673
34,1673
37,1673
5,1674
25,1674
32,1674
38,1674
5,1675
25,1675
33,1675
37,1675
5,1676
25,1676
34,1676
37,1676
5,1677
25,1677
34,1677
37,1677
5,1678
26,1678
33,1678
37,1678
5,1679
26,1679
33,1679
37,1679
5,1680
26,1680
32,1680
37,1680
5,1681
26,1681
34,1681
38,1681
5,1682
27,1682
33,1682
37,1682
5,1683
27,1683
33,1683
37,1683
5,1684
27,1684
34,1684
37,1684
5,1685
25,1685
33,1685
37,1685
5,1686
25,1686
33,1686
37,1686
5,1687
25,1687
33,1687
37,1687
5,1688
27,1688
33,1688
37,1688
5,1689
27,1689
34,1689
37,1689
5,1690
27,1690
34,1690
37,1690
5,1691
27,1691
35,1691
37,1691
3,1692
14,1692
33,1692
37,1692
3,1693
14,1693
33,1693
37,1693
3,1694
14,1694
34,1694
37,1694
3,1695
14,1695
34,1695
37,1695
8,1696
14,1696
33,1696
37,1696
8,1697
30,1697
31,1697
36,1697
8,1698
14,1698
32,1698
37,1698
8,1699
14,1699
34,1699
37,1699
5,1700
14,1700
33,1700
37,1700
5,1701
14,1701
34,1701
37,1701
5,1702
14,1702
32,1702
37,1702
5,1703
14,1703
34,1703
37,1703
8,1704
14,1704
32,1704
37,1704
8,1705
14,1705
32,1705
37,1705
8,1706
14,1706
32,1706
37,1706
8,1707
14,1707
32,1707
37,1707
6,1708
14,1708
33,1708
37,1708
6,1709
14,1709
33,1709
37,1709
6,1710
14,1710
34,1710
37,1710
5,1711
14,1711
33,1711
37,1711
5,1712
13,1712
33,1712
37,1712
1,1713
30,1713
34,1713
38,1713
5,1714
12,1714
33,1714
37,1714
5,1715
14,1715
34,1715
37,1715
5,1716
12,1716
35,1716
37,1716
5,1717
40,1717
32,1717
37,1717
5,1718
14,1718
34,1718
37,1718
8,1719
14,1719
32,1719
37,1719
5,1720
12,1720
35,1720
37,1720
8,1721
14,1721
33,1721
37,1721
8,1722
12,1722
34,1722
37,1722
8,1723
23,1723
34,1723
37,1723
3,1724
29,1724
33,1724
37,1724
5,1725
23,1725
34,1725
37,1725
10,1726
23,1726
34,1726
37,1726
10,1727
23,1727
34,1727
37,1727
5,1728
23,1728
34,1728
37,1728
8,1729
25,1729
34,1729
37,1729
8,1730
25,1730
33,1730
37,1730
10,1731
25,1731
34,1731
37,1731
5,1732
23,1732
34,1732
37,1732
8,1733
23,1733
34,1733
37,1733
3,1734
25,1734
34,1734
37,1734
4,1735
25,1735
34,1735
37,1735
4,1736
22,1736
33,1736
37,1736
4,1737
24,1737
33,1737
37,1737
10,1738
29,1738
32,1738
38,1738
4,1739
29,1739
34,1739
38,1739
4,1740
30,1740
33,1740
38,1740
4,1741
22,1741
34,1741
37,1741
4,1742
15,1742
33,1742
37,1742
4,1743
29,1743
35,1743
37,1743
5,1744
25,1744
34,1744
37,1744
2,1745
23,1745
34,1745
37,1745
5,1746
18,1746
35,1746
37,1746
2,1747
25,1747
34,1747
37,1747
5,1748
18,1748
34,1748
37,1748
5,1749
24,1749
34,1749
37,1749
9,1750
23,1750
34,1750
37,1750
1,1751
13,1751
34,1751
37,1751
2,1752
22,1752
33,1752
37,1752
3,1753
23,1753
34,1753
37,1753
5,1754
18,1754
34,1754
37,1754
2,1755
30,1755
31,1755
36,1755
5,1756
20,1756
34,1756
37,1756
9,1757
20,1757
32,1757
37,1757
3,1758
21,1758
34,1758
37,1758
5,1759
21,1759
34,1759
37,1759
5,1760
21,1760
32,1760
37,1760
41,1761
11,1761
31,1761
36,1761
41,1762
11,1762
31,1762
36,1762
41,1763
11,1763
31,1763
36,1763
41,1764
11,1764
31,1764
36,1764
41,1765
11,1765
31,1765
36,1765
41,1766
11,1766
31,1766
36,1766
41,1767
11,1767
31,1767
36,1767
41,1768
11,1768
31,1768
36,1768
41,1769
11,1769
31,1769
36,1769
41,1770
11,1770
31,1770
36,1770
9,1771
30,1771
34,1771
38,1771
9,1772
20,1772
34,1772
37,1772
5,1773
18,1773
35,1773
37,1773
6,1774
30,1774
34,1774
37,1774
5,1775
24,1775
34,1775
37,1775
5,1776
27,1776
34,1776
37,1776
5,1777
27,1777
34,1777
37,1777
5,1778
27,1778
34,1778
37,1778
5,1779
22,1779
34,1779
37,1779
5,1780
26,1780
34,1780
37,1780
5,1781
30,1781
32,1781
37,1781
5,1782
17,1782
34,1782
37,1782
5,1783
19,1783
34,1783
37,1783
5,1784
27,1784
34,1784
37,1784
9,1785
21,1785
33,1785
37,1785
5,1786
20,1786
33,1786
37,1786
5,1787
21,1787
35,1787
37,1787
5,1788
21,1788
34,1788
37,1788
3,1789
21,1789
34,1789
37,1789
3,1790
21,1790
34,1790
37,1790
7,1791
28,1791
34,1791
37,1791
5,1793
27,1793
34,1793
37,1793
2,1794
28,1794
34,1794
37,1794
2,1795
23,1795
34,1795
37,1795
2,1796
23,1796
34,1796
37,1796
2,1797
25,1797
34,1797
37,1797
8,1798
14,1798
34,1798
37,1798
8,1799
12,1799
33,1799
37,1799
3,1800
14,1800
34,1800
37,1800
5,1801
16,1801
34,1801
37,1801
7,1802
25,1802
34,1802
37,1802
4,1803
16,1803
34,1803
37,1803
5,1804
23,1804
31,1804
36,1804
3,1805
26,1805
34,1805
37,1805
6,1806
30,1806
33,1806
37,1806
3,1807
27,1807
34,1807
37,1807
6,1808
30,1808
34,1808
37,1808
2,1809
28,1809
34,1809
37,1809
2,1810
23,1810
34,1810
37,1810
2,1811
23,1811
34,1811
37,1811
5,1812
26,1812
34,1812
38,1812
5,1813
26,1813
34,1813
37,1813
5,1814
26,1814
34,1814
37,1814
5,1815
16,1815
32,1815
37,1815
5,1816
16,1816
33,1816
38,1816
5,1817
16,1817
32,1817
38,1817
5,1818
30,1818
32,1818
38,1818
3,1819
21,1819
33,1819
37,1819
3,1820
21,1820
33,1820
37,1820
3,1821
21,1821
34,1821
37,1821
3,1822
21,1822
35,1822
37,1822
8,1823
21,1823
33,1823
37,1823
8,1824
21,1824
33,1824
37,1824
8,1825
21,1825
33,1825
38,1825
8,1826
21,1826
34,1826
37,1826
5,1827
18,1827
33,1827
37,1827
5,1828
18,1828
32,1828
38,1828
5,1829
18,1829
32,1829
38,1829
5,1830
18,1830
34,1830
37,1830
7,1831
21,1831
33,1831
37,1831
7,1832
21,1832
34,1832
37,1832
7,1833
21,1833
32,1833
38,1833
7,1834
21,1834
35,1834
38,1834
5,1835
20,1835
33,1835
37,1835
5,1836
20,1836
33,1836
37,1836
5,1837
20,1837
33,1837
37,1837
5,1838
20,1838
34,1838
37,1838
5,1839
20,1839
35,1839
38,1839
8,1840
25,1840
33,1840
37,1840
8,1841
25,1841
34,1841
38,1841
8,1842
25,1842
33,1842
37,1842
8,1843
25,1843
34,1843
38,1843
7,1844
27,1844
33,1844
37,1844
7,1845
27,1845
33,1845
37,1845
7,1846
27,1846
33,1846
37,1846
7,1847
27,1847
32,1847
38,1847
7,1848
27,1848
32,1848
38,1848
5,1849
25,1849
33,1849
37,1849
5,1850
25,1850
34,1850
37,1850
5,1851
25,1851
34,1851
37,1851
5,1852
25,1852
34,1852
38,1852
8,1853
23,1853
33,1853
37,1853
8,1854
23,1854
32,1854
38,1854
8,1855
23,1855
32,1855
38,1855
8,1856
23,1856
34,1856
37,1856
3,1857
25,1857
33,1857
37,1857
3,1858
25,1858
32,1858
38,1858
3,1859
25,1859
33,1859
37,1859
3,1860
25,1860
34,1860
37,1860
4,1861
24,1861
33,1861
37,1861
4,1862
24,1862
33,1862
37,1862
4,1863
24,1863
33,1863
37,1863
4,1864
24,1864
34,1864
37,1864
4,1865
20,1865
33,1865
37,1865
4,1866
20,1866
33,1866
37,1866
4,1867
20,1867
33,1867
37,1867
4,1868
20,1868
34,1868
37,1868
4,1885
17,1885
33,1885
37,1885
4,1886
17,1886
33,1886
37,1886
4,1887
17,1887
33,1887
37,1887
4,1888
17,1888
34,1888
37,1888
4,1889
23,1889
33,1889
37,1889
4,1890
23,1890
33,1890
37,1890
4,1891
23,1891
33,1891
37,1891
4,1892
23,1892
34,1892
37,1892
4,1893
22,1893
33,1893
37,1893
4,1894
22,1894
33,1894
37,1894
4,1895
22,1895
33,1895
37,1895
2,1896
23,1896
33,1896
37,1896
2,1897
23,1897
33,1897
38,1897
2,1898
23,1898
33,1898
37,1898
2,1899
23,1899
34,1899
37,1899
6,1900
30,1900
33,1900
37,1900
6,1901
30,1901
33,1901
37,1901
6,1902
30,1902
34,1902
37,1902
2,1903
2,1904
2,1905
2,1906
28,1903
34,1903
38,1903
28,1904
34,1904
38,1904
28,1905
34,1905
38,1905
28,1906
35,1906
38,1906
3,1907
23,1907
33,1907
37,1907
3,1908
23,1908
34,1908
37,1908
3,1909
23,1909
34,1909
37,1909
3,1910
23,1910
35,1910
38,1910
5,1911
18,1911
33,1911
37,1911
5,1912
18,1912
34,1912
37,1912
5,1913
18,1913
34,1913
38,1913
5,1914
18,1914
34,1914
37,1914
9,1919
13,1919
33,1919
37,1919
9,1920
13,1920
33,1920
38,1920
9,1921
13,1921
33,1921
37,1921
9,1922
13,1922
34,1922
37,1922
3,1923
14,1923
33,1923
37,1923
3,1924
14,1924
32,1924
38,1924
3,1925
14,1925
34,1925
37,1925
3,1926
14,1926
34,1926
38,1926
5,1927
40,1927
32,1927
37,1927
5,1928
40,1928
32,1928
38,1928
5,1929
40,1929
34,1929
37,1929
8,1930
14,1930
32,1930
38,1930
8,1931
14,1931
33,1931
37,1931
8,1932
14,1932
34,1932
37,1932
5,1933
12,1933
33,1933
37,1933
5,1934
12,1934
33,1934
37,1934
5,1935
12,1935
34,1935
37,1935
5,1936
12,1936
34,1936
37,1936
5,1937
16,1937
35,1937
37,1937
5,1938
16,1938
34,1938
37,1938
5,1939
21,1939
34,1939
37,1939
5,1940
25,1940
34,1940
38,1940
5,1941
25,1941
34,1941
37,1941
5,1943
22,1943
34,1943
37,1943
5,1944
27,1944
34,1944
37,1944
5,1945
24,1945
34,1945
37,1945
5,1946
25,1946
33,1946
37,1946
5,1947
26,1947
33,1947
37,1947
4,1948
15,1948
34,1948
37,1948
10,1949
23,1949
34,1949
38,1949
7,1950
18,1950
32,1950
37,1950
5,1951
14,1951
33,1951
37,1951
5,1952
16,1952
35,1952
37,1952
5,1953
16,1953
33,1953
37,1953
10,1954
23,1954
32,1954
38,1954
5,1955
24,1955
32,1955
37,1955
10,1956
23,1956
32,1956
38,1956
4,1957
15,1957
33,1957
37,1957
4,1958
17,1958
33,1958
37,1958
4,1959
23,1959
34,1959
37,1959
2,1960
28,1960
33,1960
37,1960
2,1961
27,1961
32,1961
38,1961
2,1962
28,1962
35,1962
37,1962
5,1963
28,1963
33,1963
37,1963
8,1964
28,1964
32,1964
37,1964
5,1965
25,1965
33,1965
37,1965
5,1966
25,1966
34,1966
37,1966
8,1967
12,1967
33,1967
37,1967
4,1968
30,1968
32,1968
38,1968
6,1969
30,1969
33,1969
38,1969
9,1970
28,1970
35,1970
37,1970
7,1971
28,1971
35,1971
37,1971
7,1972
28,1972
35,1972
38,1972
9,1973
20,1973
34,1973
37,1973
10,1974
20,1974
32,1974
38,1974
10,1975
30,1975
32,1975
38,1975
8,1976
25,1976
34,1976
37,1976
8,1977
23,1977
34,1977
37,1977
8,1978
25,1978
33,1978
37,1978
8,1979
18,1979
34,1979
37,1979
7,1980
20,1980
34,1980
37,1980
8,1981
18,1981
32,1981
38,1981
8,1982
25,1982
34,1982
38,1982
7,1983
27,1983
34,1983
37,1983
7,1984
28,1984
32,1984
38,1984
8,1985
28,1985
34,1985
37,1985
7,1986
21,1986
32,1986
38,1986
7,1987
18,1987
34,1987
38,1987
7,1988
20,1988
33,1988
37,1988
3,1989
26,1989
32,1989
38,1989
3,1990
26,1990
34,1990
37,1990
4,1991
26,1991
32,1991
37,1991
3,1992
28,1992
32,1992
37,1992
3,1993
30,1993
32,1993
38,1993
3,1994
29,1994
32,1994
38,1994
3,1995
23,1995
33,1995
38,1995
3,1996
28,1996
35,1996
37,1996
2,1997
28,1997
33,1997
37,1997
2,1998
28,1998
33,1998
37,1998
2,1999
28,1999
34,1999
37,1999
2,2000
30,2000
32,2000
37,2000
2,2001
30,2001
34,2001
37,2001
4,2002
22,2002
34,2002
37,2002
4,2003
26,2003
33,2003
37,2003
4,2004
25,2004
33,2004
37,2004
4,2005
29,2005
35,2005
38,2005
4,2006
26,2006
34,2006
38,2006
5,2007
12,2007
34,2007
37,2007
7,2008
13,2008
34,2008
37,2008
5,2009
12,2009
34,2009
37,2009
10,2010
14,2010
32,2010
38,2010
10,2011
12,2011
32,2011
38,2011
5,2012
12,2012
32,2012
37,2012
5,2013
14,2013
32,2013
37,2013
10,2014
12,2014
32,2014
38,2014
8,2015
14,2015
34,2015
37,2015
10,2016
14,2016
35,2016
38,2016
5,2017
12,2017
33,2017
37,2017
7,2018
18,2018
34,2018
37,2018
2,2019
23,2019
33,2019
38,2019
2,2020
23,2020
34,2020
37,2020
5,2021
25,2021
33,2021
37,2021
10,2022
23,2022
34,2022
37,2022
10,2023
25,2023
34,2023
38,2023
4,2024
26,2024
34,2024
37,2024
10,2025
30,2025
32,2025
38,2025
6,2026
30,2026
34,2026
37,2026
5,2027
23,2027
34,2027
37,2027
6,2028
30,2028
33,2028
37,2028
4,2029
25,2029
33,2029
37,2029
4,2030
24,2030
32,2030
38,2030
4,2031
29,2031
34,2031
38,2031
4,2032
29,2032
35,2032
38,2032
4,2033
30,2033
33,2033
38,2033
4,2034
24,2034
33,2034
37,2034
4,2035
24,2035
34,2035
37,2035
4,2037
29,2037
34,2037
38,2037
4,2038
17,2038
34,2038
37,2038
5,2039
25,2039
33,2039
37,2039
4,2036
15,2036
34,2036
38,2036
3,2040
30,2040
33,2040
38,2040
5,2042
23,2042
34,2042
37,2042
7,2041
25,2041
34,2041
38,2041
5,2043
25,2043
34,2043
37,2043
10,2044
25,2044
34,2044
37,2044
5,2045
23,2045
34,2045
37,2045
8,2046
25,2046
34,2046
37,2046
6,2047
30,2047
32,2047
38,2047
6,2048
30,2048
33,2048
37,2048
2,2049
13,2049
35,2049
38,2049
2,2050
28,2050
34,2050
37,2050
2,2051
28,2051
34,2051
37,2051
2,2052
23,2052
32,2052
38,2052
2,2053
23,2053
34,2053
37,2053
2,2054
26,2054
33,2054
37,2054
5,2055
16,2055
35,2055
37,2055
5,2056
16,2056
33,2056
37,2056
9,2057
27,2057
34,2057
37,2057
7,2058
18,2058
33,2058
37,2058
7,2059
18,2059
32,2059
37,2059
7,2060
18,2060
34,2060
37,2060
7,2061
25,2061
33,2061
37,2061
7,2062
20,2062
34,2062
37,2062
7,2063
20,2063
35,2063
37,2063
7,2064
21,2064
32,2064
37,2064
7,2065
18,2065
32,2065
38,2065
7,2066
28,2066
33,2066
37,2066
3,2067
27,2067
34,2067
37,2067
3,2068
23,2068
34,2068
37,2068
3,2069
23,2069
34,2069
37,2069
3,2070
14,2070
35,2070
37,2070
8,2071
14,2071
33,2071
37,2071
5,2072
12,2072
33,2072
37,2072
5,2073
21,2073
34,2073
37,2073
5,2074
21,2074
35,2074
37,2074
2,2075
13,2075
34,2075
37,2075
5,2076
23,2076
34,2076
37,2076
2,2077
23,2077
33,2077
37,2077
5,2078
16,2078
35,2078
37,2078
10,2079
25,2079
34,2079
37,2079
5,2080
27,2080
34,2080
37,2080
5,2081
16,2081
34,2081
37,2081
5,2082
20,2082
35,2082
37,2082
5,2083
13,2083
34,2083
37,2083
5,2084
13,2084
33,2084
37,2084
8,2085
28,2085
34,2085
37,2085
5,2086
17,2086
35,2086
37,2086
5,2087
26,2087
34,2087
37,2087
2,2088
23,2088
34,2088
37,2088
8,2089
14,2089
34,2089
37,2089
8,2090
14,2090
35,2090
37,2090
5,2091
25,2091
33,2091
37,2091
5,2092
23,2092
34,2092
37,2092
8,2093
25,2093
34,2093
37,2093
8,2094
25,2094
34,2094
37,2094
8,2095
25,2095
34,2095
37,2095
5,2096
23,2096
34,2096
37,2096
5,2097
19,2097
34,2097
37,2097
5,2098
24,2098
34,2098
37,2098
5,2099
17,2099
34,2099
37,2099
5,2100
28,2100
34,2100
37,2100
5,2101
22,2101
34,2101
37,2101
8,2102
27,2102
34,2102
37,2102
8,2103
28,2103
34,2103
37,2103
5,2104
27,2104
34,2104
37,2104
5,2105
27,2105
34,2105
37,2105
5,2106
27,2106
34,2106
38,2106
5,2107
27,2107
35,2107
37,2107
9,2108
28,2108
34,2108
37,2108
9,2109
20,2109
33,2109
37,2109
9,2110
20,2110
34,2110
37,2110
5,2111
19,2111
34,2111
37,2111
8,2112
14,2112
35,2112
37,2112
8,2113
14,2113
34,2113
37,2113
10,2114
14,2114
33,2114
38,2114
5,2115
23,2115
34,2115
37,2115
5,2116
17,2116
34,2116
37,2116
5,2117
25,2117
33,2117
37,2117
5,2118
25,2118
33,2118
37,2118
5,2119
21,2119
35,2119
37,2119
8,2120
14,2120
33,2120
37,2120
6,2121
30,2121
34,2121
37,2121
2,2122
23,2122
32,2122
37,2122
2,2123
23,2123
33,2123
37,2123
2,2124
23,2124
34,2124
37,2124
2,2125
23,2125
35,2125
38,2125
2,2126
23,2126
34,2126
37,2126
2,2127
23,2127
32,2127
38,2127
9,2128
30,2128
33,2128
37,2128
4,2129
24,2129
33,2129
38,2129
4,2130
24,2130
34,2130
37,2130
4,2131
24,2131
34,2131
37,2131
4,2132
24,2132
33,2132
37,2132
4,2133
26,2133
33,2133
37,2133
4,2134
26,2134
33,2134
37,2134
4,2135
26,2135
34,2135
37,2135
4,2136
26,2136
33,2136
37,2136
4,2137
30,2137
33,2137
37,2137
4,2138
26,2138
32,2138
38,2138
4,2139
30,2139
34,2139
37,2139
4,2140
26,2140
35,2140
37,2140
4,2141
20,2141
33,2141
37,2141
4,2142
20,2142
33,2142
37,2142
4,2143
20,2143
33,2143
37,2143
4,2144
18,2144
34,2144
37,2144
4,2145
30,2145
33,2145
37,2145
4,2146
30,2146
33,2146
37,2146
4,2147
30,2147
33,2147
38,2147
30,2148
34,2148
38,2148
4,2148
5,2149
40,2149
33,2149
37,2149
5,2150
40,2150
34,2150
37,2150
5,2151
40,2151
32,2151
37,2151
5,2152
40,2152
34,2152
38,2152
3,2153
40,2153
33,2153
37,2153
3,2154
40,2154
33,2154
37,2154
3,2155
40,2155
34,2155
37,2155
3,2156
40,2156
34,2156
37,2156
8,2157
14,2157
33,2157
37,2157
8,2158
14,2158
33,2158
37,2158
8,2159
14,2159
33,2159
37,2159
8,2160
14,2160
33,2160
37,2160
8,2161
14,2161
34,2161
37,2161
8,2162
14,2162
33,2162
37,2162
8,2163
30,2163
32,2163
37,2163
8,2164
14,2164
32,2164
38,2164
8,2165
14,2165
34,2165
37,2165
39,2166
13,2166
33,2166
37,2166
2,2167
13,2167
33,2167
37,2167
2,2168
13,2168
32,2168
37,2168
2,2169
26,2169
33,2169
37,2169
3,2170
21,2170
33,2170
37,2170
3,2171
21,2171
33,2171
37,2171
3,2172
21,2172
32,2172
37,2172
3,2173
21,2173
35,2173
37,2173
9,2174
21,2174
33,2174
37,2174
9,2175
21,2175
33,2175
37,2175
9,2176
21,2176
32,2176
38,2176
9,2177
21,2177
33,2177
38,2177
5,2178
20,2178
33,2178
37,2178
5,2179
20,2179
32,2179
38,2179
5,2180
20,2180
32,2180
38,2180
5,2181
20,2181
34,2181
37,2181
5,2182
18,2182
35,2182
38,2182
5,2183
21,2183
33,2183
37,2183
5,2184
21,2184
32,2184
38,2184
5,2185
21,2185
34,2185
37,2185
2,2186
21,2186
33,2186
37,2186
2,2187
21,2187
32,2187
38,2187
2,2188
21,2188
33,2188
37,2188
2,2189
21,2189
34,2189
37,2189
5,2190
18,2190
33,2190
37,2190
5,2191
18,2191
33,2191
38,2191
5,2192
18,2192
32,2192
38,2192
5,2193
18,2193
35,2193
37,2193
2,2194
23,2194
33,2194
37,2194
2,2195
23,2195
34,2195
37,2195
2,2196
23,2196
35,2196
37,2196
2,2197
28,2197
34,2197
38,2197
2,2198
28,2198
34,2198
37,2198
2,2199
28,2199
34,2199
38,2199
2,2201
21,2201
33,2201
37,2201
2,2202
21,2202
34,2202
37,2202
2,2203
21,2203
34,2203
38,2203
3,2204
28,2204
32,2204
38,2204
3,2205
28,2205
33,2205
38,2205
3,2206
28,2206
34,2206
37,2206
8,2207
23,2207
33,2207
37,2207
8,2208
23,2208
32,2208
38,2208
8,2209
23,2209
32,2209
37,2209
8,2210
23,2210
34,2210
37,2210
5,2211
24,2211
33,2211
37,2211
5,2212
24,2212
33,2212
37,2212
5,2213
24,2213
34,2213
37,2213
5,2214
25,2214
33,2214
37,2214
5,2215
25,2215
33,2215
37,2215
5,2216
25,2216
33,2216
37,2216
5,2217
25,2217
33,2217
37,2217
8,2218
23,2218
33,2218
37,2218
8,2219
23,2219
33,2219
37,2219
8,2220
23,2220
32,2220
38,2220
5,2221
25,2221
33,2221
37,2221
5,2222
25,2222
33,2222
37,2222
5,2223
25,2223
34,2223
37,2223
5,2224
25,2224
35,2224
37,2224
